[
  {
    "id": "Kilian-Valkhof",
    "title": "Kilian Valkhof",
    "interesse": "Interesse: ⭐️⭐️⭐️⭐️⭐️",
    "image": {
      "src": "/images/kilian_valkhof.webp",
      "alt": "Kilian Valkhof"
    },
    "intro": "Kilian Valkhof over 'rule of least power'",
    "inleiding": "In deze blog bespreken ik de lezing van Kilian Valkhof. Kilian Valkhof is een Nederlandse front-end developer, spreker en ondernemer. Hij is de oprichter van Polypane, een browser voor ontwikkelaars. Met een passie voor het verbeteren van het web deelt Valkhof regelmatig zijn kennis via blogs en presentaties.",
    "content": [
      {
        "titel": "Rule of Least Power",
        "alinea": [
          "Hij introduceerde het principe 'rule of least power', wat gaat over het kiezen van de minst complexe oplossing voor het probleem dat je hebt. Bijvoorbeeld, als je een probleem kunt oplossen met HTML, CSS of JavaScript, kies dan voor HTML.",
          "Hierbij gaf hij een aantal voorbeelden van nieuwe HTML- en CSS-oplossingen die voorheen met JavaScript gedaan werden. Door gebruik te maken van declaratieve talen zoals CSS, hoef je alleen te beschrijven wat je wilt, niet hoe je het wilt bereiken. Dit maakt de code eenvoudiger, begrijpelijker en beter te onderhouden.",
          "<ul> <li>CSS voor styling en gedrag zoals <code>scroll-behavior: smooth</code> en <code>appearance: none</code></li> <li>Gebruik van <code>:has()</code> en <code>:checked</code> selectors in CSS</li> <li>Accordions met het <code><details></code> en <code><summary></code> element</li> <li>Modals met het <code><dialog></code> element als vervanging voor <code>alert</code>, <code>prompt</code>, en <code>confirm</code></li> <li>Toekomstige mogelijkheden zoals scroll-gedreven animaties en automatische veldgrootte aan inhoud</li> </ul>"
        ]
      },
      {
        "titel": "Conclusie",
        "alinea": [
          "Dit Was mijn eerste indruk van nieuwe web development functies. het was erg interesant om te zien hoeveel ja al kan doen met alleen HTML tags. Alhoewel was het voor mij wel veel informatie en ik begreep nog niet zo goed ik de dingen die hij liet zien toe moest passen.",
          "Nu ik hier op terug kijk, wordt ik weer opnieuw enthousiast over de mogelijkheden die er zijn met HTML. Het geeft me een gevoel om meer uit te gaan zoeken wat er allemaal mogelijk is met enkel HTML en CSS. Het is een goede reminder dat je niet altijd de meest complexe oplossing hoeft te kiezen, maar dat er vaak eenvoudigere oplossingen zijn die ook goed werken."
        ]
      }
    ]
  },
  {
    "id": "Peter-Paul-Koch",
    "title": "Peter Paul Koch",
    "interesse": "Interesse: ⭐️⭐️⭐️",
    "image": {
      "src": "/images/peter_paul_koch.webp",
      "alt": "Peter Paul Koch"
    },
    "intro": "Peter Paul Koch over web monetization",
    "inleiding": "Peter-Paul Koch, ook bekend als PPK, is een webontwikkelaar en consultant die bekend staat om zijn kennis op het gebied van browsercompatibiliteit en front-endontwikkeling. <br> <br>Hij heeft zich ingezet voor het verbeteren van webstandaarden. Als oprichter van QuirksMode.org leverde hij waardevolle bijdragen aan de webgemeenschap met uitgebreide documentatie.",
    "content": [
      {
        "titel": "Web monetization",
        "alinea": [
          "Hij stelde de vraag waarom we denken dat websites gratis moeten zijn. Dit idee komt uit de jaren 90, maar gratis betekent vaak afhankelijk zijn van advertenties—en die betalen slecht. Goede content is een dienst en verdient een eerlijke vergoeding.",
          "Als we niet willen betalen, verliezen makers hun motivatie. We zouden bewust moeten kiezen om bij te dragen aan websites die we waarderen, via een simpel en eerlijk systeem.",
          "Online betalen is nu vaak gedoe, met bankregels en weinig gebruiksvriendelijke oplossingen. Er is behoefte aan een sociale én technische oplossing die gebaseerd is op vertrouwen, waarbij de bezoeker zelf bepaalt wat hij betaalt.",
          "Voorbeelden van zulke systemen zijn automatische webbetalingen, extensies in de browser en modellen waarbij je pas achteraf betaalt."
        ]
      },
      {
        "titel": "Conclusie",
        "alinea": [
          "Al zie ik de kern van het probleem in, en ben ik er niet vreselijk tegen, vind ik dit idee nog iets te abstract om een vol oordeel over uit te spreken. Er lijken nog best veel gaten te vallen op gebieden waar makkelijk misbruik van gemaakt kan worden, daarnaast ga je nog steeds uit van mensen die uit eigen wil dit geven. Ook, persoonlijk als student, zou ik er niet snel toe aangetrokken zijn, puur omdat financiën een best groot en belangrijk deel is als student.",
          "Echter ben ik zeker beniewd of dit later gaat aanslaan, en of het dan inderdaad het gewenste resultaat oplevert, of dat de wereld van technolgie toch een andere weg inslaat."
        ]
      }
    ]
  },
  {
    "id": "Roel-Nieskens",
    "title": "Roel Nieskens",
    "interesse": "Interesse: ⭐️⭐️⭐️⭐️",
    "image": {
      "src": "/images/roel_nieskens.webp",
      "alt": "Roel Nieskens"
    },
    "intro": "Roel Nieskens over typografie",
    "inleiding": "Roel Nieskens is een front-end developer en typografiespecialist, bekend om zijn innovatieve werk op het gebied van typografie. Op zijn website PixelAmbacht.nl deelt hij zijn inzichten en experimenten, waaronder projecten zoals Wakamai Fondue en Sans Bullshit Sans.",
    "content": [
      {
        "titel": "Typografie",
        "alinea": [
          "Typografie speelt een grote rol in webdesign. Voor de presentatie van Roel had ik me hier nog niet zo in verdiept. Roel liet zien hoeveel creatieve mogelijkheden er zijn met fonts en hoe je die op een slimme manier kunt toepassen op het web.",
          "Hij toonde verschillende voorbeelden van variable fonts en hoe je die flexibel kunt gebruiken. Ook liet hij zien hoe je met eenvoudige CSS-animaties fonts tot leven kunt brengen. Daarnaast introduceerde hij zijn tool Wakaifondue, een website waarmee je fontbestanden kunt analyseren en kunt zien welke font-variant-instellingen beschikbaar zijn. Dat vond ik erg interessant, omdat je hiermee inzicht krijgt in unieke eigenschappen van een font, die je vaak ook kunt gebruiken voor animaties."
        ]
      },
      {
        "titel": "Conclusie",
        "alinea": [
          "Dit was de eerste keer dat ik van variable fonts heb gehoord. Ik kreeg al meteen ideeën hoe ik dit kan toepassen om meer feedback te geven aan de gebruiker in websites door het font te animeren.",
          "Ik vind het erg cool dat je zo veel kan doen met alleen een font. Ik hoop dit vaker toe te kunnen pasen in mijn eigen projecten."
        ]
      }
    ]
  },
  {
    "id": "Cassie-Evans",
    "title": "Cassie Evans",
    "interesse": "Interesse: ⭐️⭐️",
    "image": {
      "src": "/images/cassie_evans.webp",
      "alt": "Cassie Evans"
    },
    "intro": "Cassie Evans over GSAP",
    "inleiding": "Cassie Evans is een creatieve ontwikkelaar die bekend staat om haar werk bij GreenSock (GSAP), een JavaScript-animatielibrary. Met haar passie voor interactieve webanimaties en toegankelijke code, maakt ze lastige concepten voor animatie begrijpelijk.",
    "content": [
      {
        "titel": "GSAP",
        "alinea": [
          "Tijdens de presentatie werd GSAP toegelicht: een krachtige animatiebibliotheek voor het web. Met GSAP kun je zowel eenvoudige als complexe animaties maken. Basisanimaties worden “tweens” genoemd, en met tijdlijnen kun je meerdere animaties netjes achter elkaar afspelen.",
          "Daarnaast biedt GSAP handige tools zoals QuickSetter voor snelle animaties en utility-functies om bijvoorbeeld willekeurige waarden of herhalingen toe te passen. Ook kun je aangepaste animatiecurves gebruiken.",
          "Tot slot heeft GSAP geavanceerde functies zoals scroll-animaties, bewegingspaden en het afstemmen van animaties op schermgrootte. Het is een veelzijdige tool voor wie serieuze webanimaties wil maken."
        ]
      },
      {
        "titel": "Conclusie",
        "alinea": [
          "Dit was de eerste keer dat ik van GSAP hoorde. Al was het duidelijk voor me dat het een erg sterk bedrijf is in kwaliteit en talent, en er zeker veel mogelijk mee moeten zijn, was het allemaal iets te snel voor me.",
          "Het voelde meer als een promotiepraatje waar niet veel concreets uit te halen was. Daarnaast was het niveau van GSAP waar Cassie over sprak ook nog eens iets te lastig, waardoor ik er weinig van op kon steken. Uiteindelijk weet ik gewoon simpel weg dat GSAP bestaat en erg leuke dingen doet met CSS."
        ]
      }
    ]
  },
  {
    "id": "Nils-Binder",
    "title": "Nils Binder",
    "interesse": "Interesse: ⭐️⭐️⭐️⭐️",
    "image": {
      "src": "/images/nils_binder.webp",
      "alt": "Nils binder"
    },
    "intro": "Let's talk about wrapper",
    "inleiding": "Nils Binder is een ervaren front-end developer met een passie voor CSS en origami. Bij 9elements werkt hij samen met een team om innovatieve projecten waar te maken.",
    "content": [
      {
        "titel": "Unwrapping Web Design",
        "alinea": [
          "Een wrapper is iets dat om de content zit. Het heeft voornamelijk 3 dingen die het doet. Het zorgt voor een max-width, geeft een beetje padding, en centreert de content.",
          "Er zijn verschillende manieren waarop je dat kan doen. Maar developers willen het altijd korter schrijven, dus het kan tegenwoordig in één regel, maar zorgt wel dat het minder goed te lezen valt.",
          "Maar waarom gebruiken we dit? Laten we beginnen bij de 3-in-1 triangle of boredom. ChatGPT, Figma, en Tailwind. Maar juist vanwege de tools zouden we onze creativiteit moeten verkennen. Stoppen met alle sematrisch maken.",
          "Waarom gebruiken we niet optionele kolommen or rijen? Je kan nog steeds content centreren, maar geeft je wel meer artistieke ruimte om mee te spelen. Dit geldt ook voor flexbox.",
          "Doe het anders, gebruik whitespace waar jij het wilt, waar het niet verwacht wordt. De tools zijn niet het probleem, want wij beheren ze, dus doe het anders, en 'unwrap the web'."
        ]
      },
      {
        "titel": "Conclusie",
        "alinea": [
          "Eindelijk een CSS meer specifieke presentatie, die ook nog eens in gaat op een veel voorkomend patroon, de wrapper. Dit was een erg interessante presentatie, die me ook echt aan het denken zette over hoe ik CSS schrijf, en hoe ik het zou kunnen verbeteren.",
          "Of ik het ga gebruiken weet ik nog niet zeker, maar ik denk er zeker over na. Het idee dat je niet altijd de standaard dingen moet gebruiken, maar dat je ook zelf kan bepalen hoe je het wilt doen, is iets wat ik erg interessant vind.",
          "Mijn conclusie hieruit is dat ik meer moet gaan experimenteren met whitespace, en dat ik niet altijd de standaard dingen moet gebruiken. Ik moet meer gaan nadenken over hoe ik CSS schrijf, en hoe ik het kan verbeteren."
        ]
      }
    ]
  },
  {
    "id": "Jeremy-Keith",
    "title": "Jeremy Keith",
    "interesse": "Interesse: ⭐️⭐️⭐️⭐️",
    "image": {
      "src": "/images/jeremy_keith.webp",
      "alt": "Jeremy Keith"
    },
    "intro": "Jeremy Keith over imperative an declarative design",
    "inleiding": "Jeremy Keith is een webontwikkelaar en auteur die staat voor een toegankelijk en toekomstbestendig web. Met zijn werk bij Clearleft en boeken als Resilient Web Design heeft hij een waaardevolle stem in de web wereld.",
    "content": [
      {
        "titel": "Declative & Imperative Programming",
        "alinea": [
          "De presentatie begon met een vergelijking tussen muziek en programmeren. Je hebt een klassieke benadering waarin alles precies wordt uitgeschreven, en een jazzbenadering die draait om improvisatie. In de programmeerwereld komt dit overeen met het verschil tussen imperatief (alles stap voor stap bepalen) en declaratief (alleen aangeven wat je wilt bereiken).",
          "Op het web zie je dit verschil ook terug: HTML en CSS zijn declaratief en laten ruimte voor interpretatie, terwijl JavaScript imperatief is en precieze instructies vereist. Het idee is dat je waar mogelijk moet kiezen voor de declaratieve benadering, zoals een HTML-button gebruiken in plaats van deze zelf te maken met JavaScript.",
          "Declarative control gaat over het durven loslaten van volledige controle. In plaats van elk detail handmatig te bepalen, kun je bijvoorbeeld gebruik maken van schaalbare eenheden of ontwerpprincipes die automatisch tussenmaten berekenen. Websites zoals utopia.fyi of boeken zoals Every Layout helpen hierbij.",
          "Er is geen absolute winnaar tussen declaratief en imperatief. Welke aanpak beter is, hangt af van de context waarin je werkt: de organisatiecultuur, beschikbare tools, het medium, en het designproces spelen allemaal een rol.",
          "Tot slot werd er stilgestaan bij denkwijzen. Analytisch denken helpt om problemen te ontleden, terwijl systeemdenken je laat kijken naar het geheel. Dit sluit aan bij het idee dat je het web niet volledig kunt controleren — en dat moet je misschien ook niet willen. Een aanbevolen bron hierover is het artikel ‘A Dao of Web Design’."
        ]
      },
      {
        "titel": "Conclusie",
        "alinea": [
          "Een erg leerzame les over mindsets, en hoe die je kan beïnvloeden, ook in het werkende leven. Een heel andere kant dan wat we tot nu toe hadden meegemaakt qua hoorcolleges. En als iemand die veel nadenkt over mindset en de psychologie erachter vond ik dit erg interessant.",
          "Ik denk zelf dat ik meer een 'imperative' mindset heb, gebaseerd op analyseren. Al denk ik dat het erg goed zou zijn om tot beide instaat te zijn, wat ik ook wil gaan bereiken. Het combineren van de twee lijkt me een erg interessant idee en experiment om te zien hoe dat in zijn werk zou gaan."
        ]
      }
    ]
  },
  {
    "id": "Julia-Miocene",
    "title": "Julia Miocene",
    "interesse": "Interesse: ⭐️⭐️⭐️",
    "image": {
      "src": "/images/julia_miocene.webp",
      "alt": "Julia Miocene"
    },
    "intro": "Julia Miocene over css animaties",
    "inleiding": "Julia Miocene is een webontwikkelaar die zich richt op CSS-animaties. <br> <br>Ze heeft een passie voor het creëren van levendige visuals met pure CSS.",
    "content": [
      {
        "titel": "CSS Animaties",
        "alinea": [
          "De presentatie ging over creatieve manieren om CSS in te zetten voor visuele effecten, zoals het gebruik van achtergronden en gradients voor schaduwen en licht.",
          "Er werd uitgelegd dat je elementen moet nesten in HTML als je wilt dat ze samen kunnen animeren, vooral bij het opbouwen van een 3D-gevoel, dat in feite grotendeels nep is.",
          "Voor complexe vormen en effecten kun je technieken gebruiken zoals clip-path, color-mix en handmatig positioneren van gradients. Begrijpen hoe licht en schaduw in de echte wereld werken helpt bij het namaken in CSS.",
          "Tips zijn onder andere het gebruiken van SVG-functionaliteiten zonder SVG, het vermijden van animaties op filters, en technieken zoals stroke-dasharray voor iconen.",
          "Als inspiratiebronnen werden platforms als Mobbin, Dribble, UI8 en 60FPS genoemd. De slides zijn te vinden op Miocene.io/inspire."
        ]
      },
      {
        "titel": "Conclusie",
        "alinea": [
          "Al twijfel ik er niet over dat Julia geweldig is met CSS, wat ook uit haar werken blijkt, heb ik niet heel veel kunnen opsteken uit het lesje.",
          "Het beste wat ik er uit kon halen waren websites die ik ter inspiratie kon opzoeken, al doe ik dat zelf meestal niet, en zit ook niet echt in mijn workflow.",
          "Ik denk dat dit komt doordat haar skill level gewoon net iets te hoog lag voor mij om alles te begrijpen."
        ]
      }
    ]
  },
  {
    "id": "Rosa-Schuurmans",
    "title": "Rosa Schuurmans",
    "interesse": "Interesse: ⭐️⭐️",
    "intro": "Rosa over circuit bending",
    "inleiding": "Rosa is een oud student bij CMD en is nu bezig bij Hackers united waar ze circuit bending en hardware hacking doet. Ze heeft een passie voor het maken van muziek met oude hardware om ze nieuw leven te geven.",
    "content": [
      {
        "titel": "Circuit bending",
        "alinea": [
          "De talk ging over hacken als mindset: creatief omgaan met technologie, zelf dingen bouwen en onafhankelijk blijven van grote platforms. Voorbeelden waren werken met Google Sheets als backend of je eigen CMS bouwen.",
          "Het DIY-ethos werd vergeleken met de punkbeweging: zelf doen, leren door te proberen, maar niet per se alleen. Tools als ImageMagick werden genoemd om mee te experimenteren. ‘Keep it simple’ en leer door te doen.",
          "Hacklabs bieden ruimte om samen te leren en te bouwen. Moderne technologie verandert computers steeds meer in ‘black boxes’, waardoor je minder grip hebt. Hoe minder je begrijpt van je computer, hoe minder hij echt van jou is."
        ]
      },
      {
        "titel": "Conclusie",
        "alinea": [
          "De les die ik hieruit geleerd heb is: ga los op zelf iets maken met oude zooi, in plaats van externe bronnen gebruiken/hulp.",
          "Dingen van nu worden gemaakt om kapot te gaan, als je zelf iets maakt met dingen vroeger, dan houd het het veel langer vol. Gek genoeg waren de spullen van vroeger gemaakt met het idee nooit kapot te gaan, terwijl dat anders is voor de spullen van nu."
        ]
      }
    ]
  },
  {
    "id": "Niels-Leenheer",
    "title": "Niels Leenheer",
    "interesse": "Interesse: ⭐️⭐️⭐️⭐️",
    "image": {
      "src": "/images/niels_leenheer.webp",
      "alt": "Niels Leenheer"
    },
    "intro": "Niels Leenheer over web technology op kassasystemen",
    "inleiding": "Niels is een ontwikkelaar werkzaam bij salonhub. <br> <br>Hij heeft een passie voor het toeppassen van web technologie op kassasystemen.",
    "content": [
      {
        "titel": "Web technology op kassasystemen",
        "alinea": [
          "De talk ging over hoe moderne webtechnologie — via Project Fugu — direct kan communiceren met hardware, zoals printers en kassalades. De spreker, medeoprichter van Salonhub, liet zien hoe hij met webtechnologie een volledig kassasysteem voor kappers bouwde.",
          "Vroeger was communicatie met apparaten als bonnenprinters lastig, maar dankzij WebUSB en andere nieuwe API’s werd dat mogelijk. Google vroeg hem een demo te bouwen in vier weken. Die demo werd wereldwijd op events getoond.",
          "Voor kassalades en printers gebruikte hij oude protocollen gebaseerd op ASCII en escape-sequenties. Niet elk apparaat ondersteunt deze standaarden, dus soms zijn extra aanpassingen nodig. Ook barcode scanners kwamen aan bod: ze werken vaak als toetsenborden, maar met WebHID kun je meer controle krijgen.",
          "De talk sloot af met de toekomst van productherkenning: QR-codes en GS1 Digital Link nemen het over van traditionele barcodes."
        ]
      },
      {
        "titel": "Conclusie",
        "alinea": [
          "Ik vond dit een zeer interessante presentatie, naast dat ik erg onder de indruk was van het doorzettingsvermogen, hoe hij keer op keer een library heeft gemaakt werd op een gegeven moment gewoon een soort grapje, al was het alleen maar indrukwekkend naar mijn mening.",
          "Ook vond ik het interessant om na te denken hoe apparaten die niet een laptop of mobiel zijn, nog steeds gebruikt kunnen worden via een laptop en bruikbaar zijn.",
          "Voornamelijk wil ik hieruit meenemen dat een project zoals deze langer mag duren, en veel up's en down's heeft, maar dat je met doorzettingsvermogen een heel groot eind kan komen."
        ]
      }
    ]
  },
  {
    "id": "Erik-Kroes",
    "title": "Erik Kroes",
    "interesse": "Interesse: ⭐️⭐️⭐️",
    "image": {
      "src": "/images/erik_kroes.webp",
      "alt": "Erik Kroes"
    },
    "intro": "Erik Kroes fixes voor WCAG failures",
    "inleiding": "Erik is een consultant gespecialiseerd in onder andere toegankelijkheid. Hij legt uit hoe je de toegankelijkheid van websites snel kan verbeteren door veel voorkomende WCAG failures aan te kaarten.",
    "content": [
      {
        "titel": "fixes voor WCAG failures",
        "alinea": [
          "Een toegankelijk product is bruikbaar voor iedereen, ook voor mensen met een beperking. Dat betekent niet dat het super gebruiksvriendelijk is, maar wel dat alles technisch werkt. Denk aan een gebouw met een gat in de muur: je kunt erin, maar prettig is anders.",
          "Toetsenbordnavigatie moet logisch zijn—met tab en shift+tab moet je overal bij kunnen. Veelvoorkomende problemen zijn het ontbreken van een skip link, onduidelijke focus (je ziet niet waar je bent), en divs die als knoppen gebruikt worden. Contrast moet voldoende zijn: tekst en elementen moeten goed leesbaar zijn, ook bij fel licht. Let op met placeholders, merk-kleuren en hover-effecten. Voor media moet je alternatieven bieden, zoals ondertiteling, transcripten of beschrijvende tekst bij afbeeldingen—tenzij het om decoratie gaat.",
          "Zorg dat alles goed werkt op elk schermformaat, van mobiel tot desktop. Test dus niet alleen op je eigen laptop. Problemen zijn vaak simpele dingen zoals te brede ontwerpen of oneindige content. Toegankelijkheid verbeteren is meestal makkelijk, nuttig en vaak over het hoofd gezien."
        ]
      },
      {
        "titel": "Conclusie",
        "alinea": [
          "ver het algemeen een goed verhaal met wat tips over het minimale wat je zou moeten bereiken op sommige gebieden van toegankelijkheid, met wat uitleg.",
          "Echter, al vond ik het wel leuk gebracht, vond ik het niet heel informatief aangezien we al best veel en vaak gehoord nu hadden over hoe we moeten opletten op toegankelijkheid.",
          "Al ben ik er een voorstander van, begon het langzaam wel langzaam m'n oren uit te komen."
        ]
      }
    ]
  },
  {
    "id": "Dave-Bitter",
    "title": "Dave Bitter",
    "Interesse": "Interesse: ⭐️⭐️⭐️⭐️⭐️",
    "image": {
      "src": "",
      "alt": ""
    },
    "intro": "Dave Bitter vertelt over 'The rise of AI-powered Voice Interfaces'.",
    "inleiding": "Dave, een oud student van CMD geeft ons een rondleiding en een paartje over zijn bedrijf iO. Team manager consultancy (Front-end). Chapter lead Front-end Amsterdam, Utrecht en ROtterdam. Google developer expert WEB..",
    "content": [
      {
        "titel": "The rise of AI-powered Voice Interfaces (on the web)",
        "alinea": [
          "Kleine geschiedenis les. 1950-1960 First year of Voice recognisition. 1970-1980 ging het al naar kleine zinnetjes. 1990, maakt het een sprong. 2000, bracht google het naar voren. 2010, Alexa en Siri zijn opgekomen. Het werd steeds normaler. 2020 is best wel amazing. 'Chatting with AI is cool... but we cdan make it awesome!', maar praten is natuurlijker. Hoe gebruiken we het web hiervoor? De hardware, useSpeechRecognistion en SpeechRecognition Web API, naar PC, naar AI/CLOUD en weer terug.",
          "Using the SpeechSynthesis Web API, voor de output. Maakt een zinnetje en spreek dat uit. Om en om een gesprek uitvoeren.",
          "Hoe connect je dit met AI? Eerst vertel je de AI hoe hij gebruikt wordt, dan vertel je hem de persoonlijkheid en als laatste kan je een rol meegeven. Geef het ook een persoonlijkhheid, de feedback helpt het gevoel te geven aan de gebruiker dat er iets gebeurd.",
          "Elevenlabs kun je gebruiken om de stemmen echter te maken en een echt gesprek te laten blijken. Maar door de extra stap zorgde ervoor dat het minuut duurde voordat je een antwoord kreeg. Dit maakt het gesprek slechter, al was de stem beter. Hierdoor moest het patroon worden aangepast. Performance over anything. AI is just another data source, it's the ux that makes the difference. Don't forget about older techiniques."
        ]
      },
      {
        "titel": "Conclusie",
        "alinea": [
          "Persoonlijk vond ik dit een heel interessant verhaal. Ik zelf ben ook redelijk geintresseerd in AI, en hoe het gebruikt kan worden. Al is het nog niet heel erg bruikbaar voor mij, omdat ik nog niet echt weet hoe ik het zou kunnen gebruiken in mijn projecten.",
          "Ik vond het ook erg interessant om te zien hoe je AI kan gebruiken in combinatie met voice, en hoe je dat kan gebruiken in de browser. Al is het nog niet heel bruikbaar, omdat het nog niet echt snel genoeg is, en de stem nog niet echt goed genoeg is, maar ik denk dat dit wel een goede richting is om naar toe te gaan."
        ]
      }
    ]
  },
  {
    "id": "Steve-Jonk",
    "title": "Steve Jonk",
    "Interesse": "Interesse: ⭐️⭐️⭐️⭐️⭐️ ",
    "image": {
      "src": "",
      "alt": ""
    },
    "intro": "Steve Jonk vertelt over het bouwen van een Twitter Follow Bot & Follower Scraper",
    "inleiding": "Steve Jonk is een front-end developer en werkt een dag per week voor zichzelf. Heeft een Twitter Bot gebouwd. I want a twitter bot, that follows all followers of another account. Op het randje van legaal. Op X is alles te vinden wat je maar zou willen vinden.",
    "content": [
      {
        "titel": "Twitter Follow Bot and Follower Scraper",
        "alinea": [
          "Randje van illegaal, maar werd betaald. Hij doet alles openbaar. Twitter API is ook openbaar. Maar om alles te gebruiken moet je wel veel betalen, maar Steve heeft een manier om het te omzeilen gevonden.",
          "2 dingen, wie moet je gaan volgen? Opslaan van de account en volgen. Tools: N8N, Puppeteer, Postgres, Docker, Ubuntu, Twitter API.",
          "Obstakels: Steve vs Twitter. Volgen en onvolgen. Twitter heeft iets tegen bots, dus wat dan? Probeer het menselijk mogelijk maken. Twitter API -> scraper, alle informatie van een website kan halen en opslaan in eigen database. Twitter vs Scarper. Niet alle gebruikers zichtbaar, maar network request intercepten, met pagination. Daardoor 50 nieuwe elke keer."
        ]
      },
      {
        "titel": "Conclusie",
        "alinea": [
          "Een persoonlijk favoriet van mij. Al was dit geval enigsinds ethisch onverantwoord, gaat het mij ook helemaal niet om dat aspect van het verhaal. Zijn manier van oplossingen vinden voor problemen en onderzoek blijven doen vond ik erg indrukwekkend, en was iets dat ik erg leuk vond om te horen. Hoe bouw je om iets heen? Hoe werk je, wanneer een website je juist hete wilt ontnemen, iets dat tussen de regels door gaat, maar wel legaal is.",
          "Het was een inzicht in een wereld die kantje boord ging aan een soort hacken, iets waar wij nog niet veel over hebben gehoord, maar wel iets is waar ik me erg voor interesser. Ik wil dit zeker meenemen in mijn eigen projecten, en kijken hoe ik dit kan toepassen. Al is het maar om te kijken hoe ik iets kan bouwen dat niet mogelijk is met de standaard tools die we hebben."
        ]
      }
    ]
  },
  {
    "id": "Clarke-Verdel",
    "title": "Clarke Verdel",
    "Interesse": "Interesse: ⭐️⭐️⭐️⭐️",
    "image": {
      "src": "",
      "alt": ""
    },
    "intro": "How do you automate testing your components like a real user?",
    "inleiding": "Senior Frontend Engineer. T-Shaped Engineer. Testen van je code.",
    "content": [
      {
        "titel": "What if we could ship software that just works?",
        "alinea": [
          "Jij kan denken dat de code goed werkt, maar belangrijker is dat de code ook echt stabiel is over in alle omstandigheden. Hoe test je dit? Testing trophy.",
          "Static tooling: goede type checks in js. Linting, typescript, Javascript type checker (ESLint).",
          "Component/Unit testing, werken ze individueel? Code schrijven om code te testen. Gaat niet alleen om fucntie maar ook UI testen. Invoer velden checken, etc.",
          "Intergration, het langzaam samenvoegen van alle code. Check de communicatie tussen pagina's en de database. Dit is al veel meer complexer, en is vaak de meeste testen.",
          "E2E tests, het eind testen. Testen in de browser, maar als je de code veranderd moet je het weer helemaal opnieuw testen, en kan het stuk gaan. Live omgeving.",
          "Dit helpt met zelfverzekerheid. Responsiveness, performance, animations, accesbility, etc. Daarom doe je de tests. Het beste is om in de browser te testen, maar meestal gebuerd dat niet. Vaak omdat het te langzaam is. Maar nu is er een manier om components te testen in een echte browser. Component Browser Testing. Draait op vite. Helpt met Visual A11y Chekcs, better debugging capabitlies and higher confidence."
        ]
      },
      {
        "titel": "Conclusie",
        "alinea": [
          "Weer een totaal andere wereld die we nog niet echt hebben gezien, maar wel erg interessant is. Al is het niet iets dat ik nu direct ga toepassen, omdat ik nog niet echt bezig ben met het testen van mijn code, is het wel iets dat ik zeker wil gaan doen in de toekomst.",
          "Het idee dat je code kan testen in een echte browser, en dat je dan ook echt kan zien of het werkt zoals het hoort, is iets dat ik erg interessant vind. Ik denk dat dit een goede manier is om te zorgen dat je code echt goed werkt, en dat je niet alleen maar vertrouwt op de tests die je zelf hebt geschreven.",
          "Ik wil dit zeker meenemen in mijn eigen projecten, en kijken hoe ik dit kan toepassen. Al is het maar om te zorgen dat mijn code echt goed werkt, en dat ik niet alleen maar vertrouw op de tests die ik zelf heb geschreven."
        ]
      }
    ]
  },
  {
    "id": "Marvin",
    "title": "Marvin",
    "Interesse": "Interesse: ⭐️⭐️⭐️⭐️",
    "image": {
      "src": "",
      "alt": ""
    },
    "intro": "Marvin vertelt over het project Oculi Mundi en hoe hij met HTML & CSS iets out of the box toegankelijk houd",
    "inleiding": "2 en half jaar werk, oud CMD student, rijksmuseum groot verdienste, toegankelijkheid",
    "content": [
      {
        "titel": "Oculi Mundi Collection",
        "alinea": [
          "'I do not want your mama's website', wat betekende dat ze niet een website wou die allerdaags is. Hiervoor wordt CSS zo sterk mogelijk gebruikt, en buiten de box. Dus niet een standaard website, maar wel toegankelijk.",
          "Door gebruik van perspectief en Z-as beweeg je niet van boven naar beneden, maar van achter naar voren, terwijl je nog steeds kan tabben. Met alleen HTML & CSS, hebben ze daadwerkelijk iets prachtigs gemaakt. Zelfs met een onderzoeker state, waarin het meer gaat om de data, met ultra zoom (Micio).",
          "Toegankelijkheid is overal door de website meegenomen, en erg indrukwekkend."
        ]
      },
      {
        "titel": "Conclusie",
        "alinea": [
          "Een heerlijke CSS nerd talk, die me echt heeft doen beseffen dat je met alleen HTML en CSS al zoveel kan doen. Al is het niet altijd even makkelijk, en moet je soms echt out of the box denken, is het wel iets dat ik zeker wil gaan doen in de toekomst.",
          "Wat mij er ook voornamelijk mee verbaasde was niet alleen dat het bijna pure CSS & HTML was, maar daarnaast ook nog eens toegankelijk, en niet alleen als 'side note', maar echt als een belangrijk onderdeel van de website.",
          "En als laatste vond ik de conceptualisatie van de website ook erg interessant, en hoe ze dat hebben gedaan met alleen HTML & CSS. Ik wil dit zeker meenemen in mijn eigen projecten, en kijken hoe ik dit kan toepassen."
        ]
      }
    ]
  },
  {
    "id": "Johan-Huigman",
    "title": "Johan Huigman",
    "Interesse": "Interesse: ⭐️⭐️",
    "image": {
      "src": "",
      "alt": ""
    },
    "intro": "Johan Huigman vertelt over toegankelijkheid als (zelf genoemde) Accesbility Engineer",
    "inleiding": "'I'm not disabled, the world disables me.' Dit is een quote van Darice, die veel betekent voor Johan.",
    "content": [
      {
        "titel": "",
        "alinea": [
          " Er zijn mensen met echt een wezenlijke veranderingen in gedrag en zintuigen.",
          "Vanaf 28 juni 2025 is de European Accessibility Act van kracht. Bedrijven zijn van slag, wat moeten we nu? Dat opzich zelf is natuurlijk al een probleem. Toegankelijkheid speelt steeds een grote rol, maar waar gaat het nou precies over? WCAG probeert je hiermee te helpen, het lost het probleem niet per se op.",
          "Eigenlijk is de basis gewoon, mensen ervaren jouw product anders, houd daar rekening mee. Maar wat als je niet kunt zien, horen, bewegen of moeite hebt om het te snappen?",
          "Project SenseMath is voor een hele specifieke doelgroep. Een app die wiskundige functies vertaalt naar geluid voor blinden. Wiskunde met zicht is al moeilijk, moet je nagaan als je blind bent. Samen met Visio hebben ze dit gemaakt. Speelt af als een soort muziek.",
          "Inspiratie voor het geluid was de piano, door Visio aangeraden. Maar piano laat gaten vallen. Jongere studenten zijn meer bezig met vormen, terwijl oudere bezig zijn met details. Dus er zijn 3 soorten geluiden, dan kan iemand kiezen wat het het prettigst is.",
          "Touch-typing, rotate gesture, add a book with ISBN. Kopjes zijn geweldig. "
        ]
      },
      {
        "titel": "Conclusie",
        "alinea": [
          "Een erg interessante presentatie, al was het niet heel erg gericht op web development, maar meer op toegankelijkheid in het algemeen. Al is dat ook een belangrijk onderdeel van web development, en iets waar we zeker meer aandacht aan moeten besteden.",
          "Ik vond het erg interessant om te zien hoe toegankelijkheid in het algemeen werkt, en hoe je dat kan toepassen in je eigen projecten. Al is het niet altijd even makkelijk, en moet je soms echt out of the box denken, is het wel iets dat ik zeker wil gaan doen in de toekomst.",
          "Het voorbeeld gaf ook extra duidelijkheid aan hoe verschillende mensen dingen anders ervaren, en hoe op een manier ontwerpen voor hen, een heel eigen manier van ontwerpen in het algemeen is."
        ]
      }
    ]
  },
  {
    "id": "Miriam-Suzanne",
    "title": "Mirian Suzanne",
    "Interesse": "Interesse: ⭐️⭐️⭐️⭐️",
    "image": {
      "src": "",
      "alt": ""
    },
    "intro": "Tech in 2025 is depressing",
    "inleiding": "Being 'in tech' in 2025 is depressing. Dit is hoe Mirian zich voelde over hoe de wereld van technologie zich gedroeg en ontwikkelde",
    "content": [
      {
        "titel": "Tech continues to be political",
        "alinea": [
          "De wereld van technologie heeft zich ontwikkeld op een rare en 'slechte' manier. Alsof het een politiek, religeus probleem wordt. De World Wide Web werkte niet, als het alleen werkt op jouw machine. 'Web for all. Web for everything.' ook voor apparaten die geen toestenbord of muis hebben.",
          "Dus Web Design zal nooit gebeuren, Tim zelf zei dat, want het probleem is controle. Het feit dat we het controleren betekent dat het limiteren. We hebben meer context nodig zodat we het kunnen maken voor iedereen. Werken met de browsers, de gebruikers, met iedereen.",
          "Voorkeur is hier belangrijk in. En dan komt Mosaic langs, en ze gooien de image tag erin, zonder te praten en images zouden de web vernietigen. Want de makers moeten het kunnen stijlen, terwijl de gebruiker in controle blijft.",
          "Maar wat als er meerdere stijlen door elkaar heen gaan. 'Two styles enter, one style leaves'. En zo begint de cascade origin. Want wij developers komen langs en 'force choke everybody'. Dus er is een lijst waar prioriteit onduidelijk begint te worden, waar mensen '!important' aan kunnen toevoegen, om zich tegen de andere stijlen te beschermen.",
          "Echter zijn er veel developers die meer controle willen, en de gebruiker vast zetten. En dat moeten we niet willen. Maar wat betekent het om gebruikersvriendelijk te zijn? Iets wat open is, en een manier om het te begrijpen is. 'Design for a range of cases', want iedereen is niet mogelijk."
        ]
      },
      {
        "titel": "Conclusie",
        "alinea": [
          "De tweede, en bij uitstek een van de meest psychologische en politieke presentaties die ik heb gezien. Al was het niet heel erg gericht op web development, maar meer op technologie in het algemeen, en hoe dat zich heeft ontwikkeld.",
          "Het was erg interessantom te horen hoe technolgie zich heeft ontwikkeld, en welke gevolgen dat had voor niet alleen de developers, maar ook de gebruiken en eigenlijk de helee wereld. En hoe ook hiervan is af te lezen dat het een politiek probleem is geworden, en hoe dat de wereld van technologie heeft veranderd.",
          "Al was het wel erg veel, en ik niet van alles zeker weet of ik het wel helemaal begreep, was het wel een erg interessante presentatie, en iets dat ik zeker wil gaan onderzoeken in de toekomst. Al is het maar om te zien hoe technologie zich heeft ontwikkeld, en welke gevolgen dat heeft voor de wereld."
        ]
      }
    ]
  }
]